,Text1,Text2,Similarity
0,"Recurrent Neural Networks (RNNs) are designed to process sequential data, such as time series and natural language. RNNs use feedback connections to pass information from one time step to another, allowing them to maintain memory and capture temporal dependencies.",Convolutional Neural Networks (CNNs) are widely used for image recognition and computer vision tasks.,15
1,Support Vector Machines (SVM) are based on the concept of finding the optimal hyperplane that best separates different classes in the feature space.,Support Vector Machines (SVM) are based on the concept of finding the optimal hyperplane that best separates different classes in the feature space.,100
2,"Neural Architecture Search (NAS) is an automated approach to designing neural network architectures. NAS algorithms use reinforcement learning, genetic algorithms, or other search methods to explore a vast space of potential architectures and find the ones with the best performance for a given task.","Neural Architecture Search (NAS) is an automated approach to designing neural network architectures. NAS algorithms use reinforcement learning, genetic algorithms, or other search methods to explore a vast space of potential architectures and find the ones with the best performance for a given task.",100
3,Support Vector Machines (SVM) are based on the concept of finding the optimal hyperplane that best separates different classes in the feature space.,Neural Networks are inspired by the human brain's structure and function.,0
4,Logistic Regression is a linear classifier.,Logistic Regression is a linear classifier.,100
5,"Generative Adversarial Networks (GANs) are a class of generative models that consist of two networks: a generator and a discriminator. The generator tries to produce data that resembles the training data, while the discriminator tries to distinguish between real and fake data.",Reinforcement Learning is a type of machine learning where an agent learns to make decisions by interacting with an environment.,0
6,"Recurrent Neural Networks (RNNs) are designed to process sequential data, such as time series and natural language. RNNs use feedback connections to pass information from one time step to another, allowing them to maintain memory and capture temporal dependencies.","Recurrent Neural Networks (RNNs) are designed to process sequential data, such as time series and natural language. RNNs use feedback connections to pass information from one time step to another, allowing them to maintain memory and capture temporal dependencies.",100
7,"Natural Language Processing (NLP) is a branch of artificial intelligence that deals with the interaction between computers and human language. NLP tasks include sentiment analysis, machine translation, text summarization, and chatbots.","Natural Language Processing (NLP) is a branch of artificial intelligence that deals with the interaction between computers and human language. NLP tasks include sentiment analysis, machine translation, text summarization, and chatbots.",100
8,Supervised Learning is a type of machine learning where the algorithm learns from labeled data to make predictions or classify new instances.,Unsupervised Learning is a type of machine learning where the algorithm learns patterns and structures from unlabeled data without explicit supervision.,0
9,Logistic Regression is a linear classifier.,Logistic Regression is a linear classifier.,100
10,K-Nearest Neighbors (KNN) is a simple and intuitive algorithm used for classification and regression tasks.,K-Means clustering is an unsupervised learning algorithm used to partition data into clusters.,0
11,K-Nearest Neighbors (KNN) is a simple and intuitive algorithm used for classification and regression tasks.,K-Means clustering is an unsupervised learning algorithm used to partition data into clusters.,0
12,K-Nearest Neighbors (KNN) is a simple and intuitive algorithm used for classification and regression tasks.,K-Means clustering is an unsupervised learning algorithm used to partition data into clusters.,12
13,Principal Component Analysis (PCA) is a dimensionality reduction technique used to transform high-dimensional data into a lower-dimensional space while preserving the most important features.,t-Distributed Stochastic Neighbor Embedding (t-SNE) is another popular dimensionality reduction technique that emphasizes preserving the local structure of data points in the lower-dimensional space.,15
14,Convolutional Neural Networks (CNNs) are widely used for image recognition and computer vision tasks. CNNs use convolutional layers to automatically learn spatial hierarchies of features from input images. They are capable of capturing local patterns and have shown exceptional performance in various image-related tasks.,CNNs are extensively employed in tasks like image recognition and computer vision. They utilize convolutional layers to automatically grasp hierarchical features within input images. These networks excel at detecting local patterns and have demonstrated remarkable effectiveness in diverse image-related assignments.,100
15,"Recurrent Neural Networks (RNNs) are designed to process sequential data, such as time series and natural language. RNNs use feedback connections to pass information from one time step to another, allowing them to maintain memory and capture temporal dependencies.",Convolutional Neural Networks (CNNs) are widely used for image recognition and computer vision tasks.,15
16,Principal Component Analysis (PCA) is a dimensionality reduction technique used to transform high-dimensional data into a lower-dimensional space while preserving the most important features.,t-Distributed Stochastic Neighbor Embedding (t-SNE) is another popular dimensionality reduction technique that emphasizes preserving the local structure of data points in the lower-dimensional space.,0
17,Supervised Learning is a type of machine learning where the algorithm learns from labeled data to make predictions or classify new instances.,Unsupervised Learning is a type of machine learning where the algorithm learns patterns and structures from unlabeled data without explicit supervision.,0
18,"Reinforcement Learning is a type of machine learning where an agent learns to make decisions by interacting with an environment. The agent receives feedback in the form of rewards or penalties based on its actions, and it aims to maximize the cumulative reward over time. Reinforcement Learning has applications in robotics, game playing, and autonomous systems.","Reinforcement Learning is a type of machine learning where an agent learns to make decisions by interacting with an environment. The agent receives feedback in the form of rewards or penalties based on its actions, and it aims to maximize the cumulative reward over time. Reinforcement Learning has applications in robotics, game playing, and autonomous systems.",100
19,"Generative Adversarial Networks (GANs) are a class of generative models that consist of two networks: a generator and a discriminator. The generator tries to produce data that resembles the training data, while the discriminator tries to distinguish between real and fake data.",Reinforcement Learning is a type of machine learning where an agent learns to make decisions by interacting with an environment.,17
20,Support Vector Machines (SVM) are based on the concept of finding the optimal hyperplane that best separates different classes in the feature space.,Neural Networks are inspired by the human brain's structure and function.,18
21,"LightGBM is another efficient and fast implementation of Gradient Boosting Machines, developed by Microsoft. LightGBM uses a novel approach called ""Gradient-based One-Side Sampling"" (GOSS) to reduce training time and memory consumption while maintaining high accuracy.",CatBoost is a gradient boosting library that handles categorical features naturally without the need for preprocessing.,0
22,"Neural Architecture Search (NAS) is an automated approach to designing neural network architectures. NAS algorithms use reinforcement learning, genetic algorithms, or other search methods to explore a vast space of potential architectures and find the ones with the best performance for a given task.",Transfer Learning is a machine learning technique that allows a pre-trained model to be fine-tuned on a different but related task.,0
23,Supervised Learning is a type of machine learning where the algorithm learns from labeled data to make predictions or classify new instances.,Unsupervised Learning is a type of machine learning where the algorithm learns patterns and structures from unlabeled data without explicit supervision.,16
24,"Generative Adversarial Networks (GANs) are a class of generative models that consist of two networks: a generator and a discriminator. The generator tries to produce data that resembles the training data, while the discriminator tries to distinguish between real and fake data.",Reinforcement Learning is a type of machine learning where an agent learns to make decisions by interacting with an environment.,0
25,"Neural Architecture Search (NAS) is an automated approach to designing neural network architectures. NAS algorithms use reinforcement learning, genetic algorithms, or other search methods to explore a vast space of potential architectures and find the ones with the best performance for a given task.",Transfer Learning is a machine learning technique that allows a pre-trained model to be fine-tuned on a different but related task.,18
26,"Gradient Boosting Machines (GBM) is an ensemble learning technique that builds multiple weak learners (typically decision trees) sequentially, with each subsequent model correcting the errors of the previous one.","Gradient Boosting Machines (GBM) is an ensemble learning technique that builds multiple weak learners (typically decision trees) sequentially, with each subsequent model correcting the errors of the previous one.",100
27,Logistic Regression is a linear classifier.,Random Forest is an ensemble model.,10
28,Supervised Learning is a type of machine learning where the algorithm learns from labeled data to make predictions or classify new instances.,Unsupervised Learning is a type of machine learning where the algorithm learns patterns and structures from unlabeled data without explicit supervision.,16
29,"Recurrent Neural Networks (RNNs) are designed to process sequential data, such as time series and natural language. RNNs use feedback connections to pass information from one time step to another, allowing them to maintain memory and capture temporal dependencies.",Convolutional Neural Networks (CNNs) are widely used for image recognition and computer vision tasks.,0
30,Logistic Regression is a linear classifier.,Random Forest is an ensemble model.,0
31,"Generative Adversarial Networks (GANs) are a class of generative models that consist of two networks: a generator and a discriminator. The generator tries to produce data that resembles the training data, while the discriminator tries to distinguish between real and fake data.","Generative Adversarial Networks (GANs) are a class of generative models that consist of two networks: a generator and a discriminator. The generator tries to produce data that resembles the training data, while the discriminator tries to distinguish between real and fake data.",100
32,"Gradient Boosting Machines (GBM) is an ensemble learning technique that builds multiple weak learners (typically decision trees) sequentially, with each subsequent model correcting the errors of the previous one.","XGBoost is an optimized implementation of Gradient Boosting Machines, designed for improved efficiency and scalability.",18
33,Support Vector Machines (SVM) are based on the concept of finding the optimal hyperplane that best separates different classes in the feature space.,Support Vector Machines (SVM) are based on the concept of finding the optimal hyperplane that best separates different classes in the feature space.,100
34,K-Nearest Neighbors (KNN) is a simple and intuitive algorithm used for classification and regression tasks.,K-Nearest Neighbors (KNN) is a simple and intuitive algorithm used for classification and regression tasks.,100
35,"Recurrent Neural Networks (RNNs) are designed to process sequential data, such as time series and natural language. RNNs use feedback connections to pass information from one time step to another, allowing them to maintain memory and capture temporal dependencies.","Recurrent Neural Networks (RNNs) are designed to process sequential data, such as time series and natural language. RNNs use feedback connections to pass information from one time step to another, allowing them to maintain memory and capture temporal dependencies.",100
36,"Gradient Boosting Machines (GBM) is an ensemble learning technique that builds multiple weak learners (typically decision trees) sequentially, with each subsequent model correcting the errors of the previous one.","XGBoost is an optimized implementation of Gradient Boosting Machines, designed for improved efficiency and scalability.",0
37,K-Nearest Neighbors (KNN) is a simple and intuitive algorithm used for classification and regression tasks.,K-Nearest Neighbors (KNN) is a simple and intuitive algorithm used for classification and regression tasks.,100
38,"Gradient Boosting Machines (GBM) is an ensemble learning technique that builds multiple weak learners (typically decision trees) sequentially, with each subsequent model correcting the errors of the previous one.","Gradient Boosting Machines (GBM) is an ensemble learning technique that builds multiple weak learners (typically decision trees) sequentially, with each subsequent model correcting the errors of the previous one.",100
39,"Generative Adversarial Networks (GANs) are a class of generative models that consist of two networks: a generator and a discriminator. The generator tries to produce data that resembles the training data, while the discriminator tries to distinguish between real and fake data.",Reinforcement Learning is a type of machine learning where an agent learns to make decisions by interacting with an environment.,17
40,Logistic Regression is a linear classifier.,Random Forest is an ensemble model.,10
41,"Neural Architecture Search (NAS) is an automated approach to designing neural network architectures. NAS algorithms use reinforcement learning, genetic algorithms, or other search methods to explore a vast space of potential architectures and find the ones with the best performance for a given task.",Transfer Learning is a machine learning technique that allows a pre-trained model to be fine-tuned on a different but related task.,0
42,"LightGBM is another efficient and fast implementation of Gradient Boosting Machines, developed by Microsoft. LightGBM uses a novel approach called ""Gradient-based One-Side Sampling"" (GOSS) to reduce training time and memory consumption while maintaining high accuracy.","LightGBM is another efficient and fast implementation of Gradient Boosting Machines, developed by Microsoft. LightGBM uses a novel approach called ""Gradient-based One-Side Sampling"" (GOSS) to reduce training time and memory consumption while maintaining high accuracy.",100
43,K-Nearest Neighbors (KNN) is a simple and intuitive algorithm used for classification and regression tasks.,K-Means clustering is an unsupervised learning algorithm used to partition data into clusters.,12
44,"Generative Adversarial Networks (GANs) are a class of generative models that consist of two networks: a generator and a discriminator. The generator tries to produce data that resembles the training data, while the discriminator tries to distinguish between real and fake data.","Generative Adversarial Networks (GANs) are a class of generative models that consist of two networks: a generator and a discriminator. The generator tries to produce data that resembles the training data, while the discriminator tries to distinguish between real and fake data.",100
45,"Natural Language Processing (NLP) is a branch of artificial intelligence that deals with the interaction between computers and human language. NLP tasks include sentiment analysis, machine translation, text summarization, and chatbots.",Computer Vision is another important field of machine learning that focuses on enabling computers to interpret visual information from the world.,14
46,"Natural Language Processing (NLP) is a branch of artificial intelligence that deals with the interaction between computers and human language. NLP tasks include sentiment analysis, machine translation, text summarization, and chatbots.",Computer Vision is another important field of machine learning that focuses on enabling computers to interpret visual information from the world.,0
47,Convolutional Neural Networks (CNNs) are widely used for image recognition and computer vision tasks. CNNs use convolutional layers to automatically learn spatial hierarchies of features from input images. They are capable of capturing local patterns and have shown exceptional performance in various image-related tasks.,Convolutional Neural Networks (CNNs) are widely used for image recognition and computer vision tasks. CNNs use convolutional layers to automatically learn spatial hierarchies of features from input images. They are capable of capturing local patterns and have shown exceptional performance in various image-related tasks.,100
48,Support Vector Machines (SVM) are based on the concept of finding the optimal hyperplane that best separates different classes in the feature space.,Neural Networks are inspired by the human brain's structure and function.,18
49,"LightGBM is another efficient and fast implementation of Gradient Boosting Machines, developed by Microsoft. LightGBM uses a novel approach called ""Gradient-based One-Side Sampling"" (GOSS) to reduce training time and memory consumption while maintaining high accuracy.",CatBoost is a gradient boosting library that handles categorical features naturally without the need for preprocessing.,12
50,"Recurrent Neural Networks (RNNs) are designed to process sequential data, such as time series and natural language. RNNs use feedback connections to pass information from one time step to another, allowing them to maintain memory and capture temporal dependencies.",Convolutional Neural Networks (CNNs) are widely used for image recognition and computer vision tasks.,0
51,"Neural Architecture Search (NAS) is an automated approach to designing neural network architectures. NAS algorithms use reinforcement learning, genetic algorithms, or other search methods to explore a vast space of potential architectures and find the ones with the best performance for a given task.",Transfer Learning is a machine learning technique that allows a pre-trained model to be fine-tuned on a different but related task.,18
52,Convolutional Neural Networks (CNNs) are widely used for image recognition and computer vision tasks. CNNs use convolutional layers to automatically learn spatial hierarchies of features from input images. They are capable of capturing local patterns and have shown exceptional performance in various image-related tasks.,Convolutional Neural Networks (CNNs) are widely used for image recognition and computer vision tasks. CNNs use convolutional layers to automatically learn spatial hierarchies of features from input images. They are capable of capturing local patterns and have shown exceptional performance in various image-related tasks.,100
53,Logistic Regression is a linear classifier.,Random Forest is an ensemble model.,0
54,Supervised Learning is a type of machine learning where the algorithm learns from labeled data to make predictions or classify new instances.,Supervised Learning is a type of machine learning where the algorithm learns from labeled data to make predictions or classify new instances.,100
55,"Gradient Boosting Machines (GBM) is an ensemble learning technique that builds multiple weak learners (typically decision trees) sequentially, with each subsequent model correcting the errors of the previous one.","XGBoost is an optimized implementation of Gradient Boosting Machines, designed for improved efficiency and scalability.",0
56,Supervised Learning is a type of machine learning where the algorithm learns from labeled data to make predictions or classify new instances.,Supervised Learning is a type of machine learning where the algorithm learns from labeled data to make predictions or classify new instances.,100
57,"LightGBM is another efficient and fast implementation of Gradient Boosting Machines, developed by Microsoft. LightGBM uses a novel approach called ""Gradient-based One-Side Sampling"" (GOSS) to reduce training time and memory consumption while maintaining high accuracy.",CatBoost is a gradient boosting library that handles categorical features naturally without the need for preprocessing.,12
58,"Gradient Boosting Machines (GBM) is an ensemble learning technique that builds multiple weak learners (typically decision trees) sequentially, with each subsequent model correcting the errors of the previous one.","XGBoost is an optimized implementation of Gradient Boosting Machines, designed for improved efficiency and scalability.",18
59,"Reinforcement Learning is a type of machine learning where an agent learns to make decisions by interacting with an environment. The agent receives feedback in the form of rewards or penalties based on its actions, and it aims to maximize the cumulative reward over time. Reinforcement Learning has applications in robotics, game playing, and autonomous systems.","Reinforcement Learning constitutes a form of machine learning wherein an agent acquires decision-making capabilities through interactions with its environment. The agent gauges its actions through rewards or penalties, seeking to optimize its cumulative rewards over time. This approach finds utility in fields such as robotics, game playing, and autonomous systems.",90
60,"Natural Language Processing (NLP) is a branch of artificial intelligence that deals with the interaction between computers and human language. NLP tasks include sentiment analysis, machine translation, text summarization, and chatbots.",Computer Vision is another important field of machine learning that focuses on enabling computers to interpret visual information from the world.,0
61,"Natural Language Processing (NLP) is a branch of artificial intelligence that deals with the interaction between computers and human language. NLP tasks include sentiment analysis, machine translation, text summarization, and chatbots.","Natural Language Processing (NLP) is a branch of artificial intelligence that deals with the interaction between computers and human language. NLP tasks include sentiment analysis, machine translation, text summarization, and chatbots.",100
62,"LightGBM is another efficient and fast implementation of Gradient Boosting Machines, developed by Microsoft. LightGBM uses a novel approach called ""Gradient-based One-Side Sampling"" (GOSS) to reduce training time and memory consumption while maintaining high accuracy.",CatBoost is a gradient boosting library that handles categorical features naturally without the need for preprocessing.,0
63,"Reinforcement Learning is a type of machine learning where an agent learns to make decisions by interacting with an environment. The agent receives feedback in the form of rewards or penalties based on its actions, and it aims to maximize the cumulative reward over time. Reinforcement Learning has applications in robotics, game playing, and autonomous systems.","Reinforcement Learning is a type of machine learning where an agent learns to make decisions by interacting with an environment. The agent receives feedback in the form of rewards or penalties based on its actions, and it aims to maximize the cumulative reward over time. Reinforcement Learning has applications in robotics, game playing, and autonomous systems.",100
64,"Neural Architecture Search (NAS) is an automated approach to designing neural network architectures. NAS algorithms use reinforcement learning, genetic algorithms, or other search methods to explore a vast space of potential architectures and find the ones with the best performance for a given task.","Neural Architecture Search (NAS) is an automated approach to designing neural network architectures. NAS algorithms use reinforcement learning, genetic algorithms, or other search methods to explore a vast space of potential architectures and find the ones with the best performance for a given task.",100
65,Principal Component Analysis (PCA) is a dimensionality reduction technique used to transform high-dimensional data into a lower-dimensional space while preserving the most important features.,Principal Component Analysis (PCA) is a dimensionality reduction technique used to transform high-dimensional data into a lower-dimensional space while preserving the most important features.,100
66,Principal Component Analysis (PCA) is a dimensionality reduction technique used to transform high-dimensional data into a lower-dimensional space while preserving the most important features.,t-Distributed Stochastic Neighbor Embedding (t-SNE) is another popular dimensionality reduction technique that emphasizes preserving the local structure of data points in the lower-dimensional space.,15
67,Support Vector Machines (SVM) are based on the concept of finding the optimal hyperplane that best separates different classes in the feature space.,Neural Networks are inspired by the human brain's structure and function.,0
68,"LightGBM is another efficient and fast implementation of Gradient Boosting Machines, developed by Microsoft. LightGBM uses a novel approach called ""Gradient-based One-Side Sampling"" (GOSS) to reduce training time and memory consumption while maintaining high accuracy.","LightGBM is another efficient and fast implementation of Gradient Boosting Machines, developed by Microsoft. LightGBM uses a novel approach called ""Gradient-based One-Side Sampling"" (GOSS) to reduce training time and memory consumption while maintaining high accuracy.",100
69,Principal Component Analysis (PCA) is a dimensionality reduction technique used to transform high-dimensional data into a lower-dimensional space while preserving the most important features.,Principal Component Analysis (PCA) is a dimensionality reduction technique used to transform high-dimensional data into a lower-dimensional space while preserving the most important features.,100
70,"Computer Vision is another important field of machine learning that focuses on enabling computers to interpret visual information from the world. Computer vision tasks include object detection, image segmentation, and facial recognition. Convolutional Neural Networks (CNNs) are commonly used in computer vision for their ability to extract features from images.","Computer Vision is another important field of machine learning that focuses on enabling computers to interpret visual information from the world. Computer vision tasks include object detection, image segmentation, and facial recognition. Convolutional Neural Networks (CNNs) are commonly used in computer vision for their ability to extract features from images.",100
71,Principal Component Analysis (PCA) is a dimensionality reduction technique used to transform high-dimensional data into a lower-dimensional space while preserving the most important features.,t-Distributed Stochastic Neighbor Embedding (t-SNE) is another popular dimensionality reduction technique that emphasizes preserving the local structure of data points in the lower-dimensional space.,0
72,"Computer Vision is another important field of machine learning that focuses on enabling computers to interpret visual information from the world. Computer vision tasks include object detection, image segmentation, and facial recognition. Convolutional Neural Networks (CNNs) are commonly used in computer vision for their ability to extract features from images.","Computer Vision is another important field of machine learning that focuses on enabling computers to interpret visual information from the world. Computer vision tasks include object detection, image segmentation, and facial recognition. Convolutional Neural Networks (CNNs) are commonly used in computer vision for their ability to extract features from images.",100
73,"Natural Language Processing (NLP) is a branch of artificial intelligence that deals with the interaction between computers and human language. NLP tasks include sentiment analysis, machine translation, text summarization, and chatbots.",Computer Vision is another important field of machine learning that focuses on enabling computers to interpret visual information from the world.,14
